
insert into MEDIA_TYPE(type)
values ('music'),
       ('video'),
       ('podcast');

insert into GENRES (genre_name)
values ('Black Metal'),
       ('Crust Punk'),
       ('Thrash Metal');

insert into ARTISTS(genre_id, artist_name)
values  (1,'Batushka'),
        (1,'Grima'),
        (2, 'Wolfbrigade'),
        (3, 'Metallica');

insert into albums(artist_id, album_title)
VALUES (1, 'Litourgiya'),
       (2, 'Rotting Garden'),
       (3, 'Frostbitten'),
        (4, 'Kill em all');

insert into tracks(artist_id, genre_id, media_type_id, media_name,release_date)
VALUES (1, 1, 1, 'Yekteniya 1', '4-12-2015'),
       (1, 1, 1,'Yekteniya 2', '4-12-2015'),
       (1, 1, 1,'Yekteniya 3', '4-12-2015'),
       (1, 1, 1,'Yekteniya 4', '4-12-2015'),
       (1, 1, 1,'Yekteniya 5', '4-12-2015'),
       (1, 1, 1,'Yekteniya 6', '4-12-2015'),
       (1, 1, 1,'Yekteniya 7', '4-12-2015'),
       (1, 1, 1,'Yekteniya 8', '4-12-2015');

// (artist_id integer, genre_id integer, id integer generated by default as identity, media_type_id integer, media_name varchar(255), release_date varchar(255),

insert into tracks(artist_id, genre_id, media_type_id, media_name, release_date)
values (2, 1, 1, 'Cedar and Owls', '22-01-2021'),
       (2, 1, 1, 'Mourning Comes at Sunset', '22-01-2021'),
       (2, 1, 1, 'At the Foot of the Red Mountains', '22-01-2021'),
       (2, 1, 1, 'Old Oak', '22-01-2021'),
       (2, 1, 1, 'Rotting Garden', '22-01-2021'),
       (2, 1, 1, 'Grom', '22-01-2021'),
       (2, 1, 1, 'Devotion to Lord', '22-01-2021');

/*insert into tracks(name, artist_id)
values ('Gloomy Heart of the Coldest Land'),
       ('Giants Eternal Sleep'),
       ('Into the Twilight'),
       ('Hunger God'),
       ('Moonspell and Grief'),
       ('Winter Morning Tower'),
       ('Mana');*/

/*
insert into tracks(name, artist_id)
values ('Nomad Pack'),
       ('Warsaw Speedwolf'),
       ('Lucid Monomania'),
       ('No Reward'),
       ('Kallocain'),
       ('Return to None'),
       ('War on Rules'),
       ('Feral Blood'),
       ('Under the Bell'),
       ('Dead Cold');
*/


